{
    "top_lang": [
        [
            "JavaScript",
            238964,
            41.01449797728588
        ],
        [
            "HTML",
            138226,
            23.72436851328366
        ],
        [
            "CSS",
            55596,
            9.542198948566249
        ],
        [
            "Python",
            39793,
            6.829856873881157
        ],
        [
            "C++",
            30989,
            5.318785582004453
        ],
        [
            "Shell",
            30341,
            5.207566341075771
        ],
        [
            "Go",
            23460,
            4.026548444732791
        ],
        [
            "Vim Script",
            11805,
            2.0261468196961037
        ],
        [
            "PHP",
            9011,
            1.5465996605066998
        ],
        [
            "Lua",
            1876,
            0.321986567873773
        ],
        [
            "Dockerfile",
            1467,
            0.2517880037690965
        ],
        [
            "C",
            1105,
            0.18965626732437058
        ],
        [
            "CMake",
            0,
            0.0
        ]
    ],
    "lang_stats": {
        "Vim Script": {
            "size": 11805,
            "full_size": 11805,
            "percent": 100.0,
            "color": "#199f4b"
        },
        "Shell": {
            "size": 30341,
            "full_size": 32343,
            "percent": 93.81009801193457,
            "color": "#89e051"
        },
        "JavaScript": {
            "size": 238964,
            "full_size": 239086,
            "percent": 99.94897233631413,
            "color": "#f1e05a"
        },
        "CSS": {
            "size": 55596,
            "full_size": 55596,
            "percent": 100.0,
            "color": "#563d7c"
        },
        "HTML": {
            "size": 138226,
            "full_size": 138226,
            "percent": 100.0,
            "color": "#e34c26"
        },
        "Go": {
            "size": 23460,
            "full_size": 23460,
            "percent": 100.0,
            "color": "#00ADD8"
        },
        "Python": {
            "size": 39793,
            "full_size": 39793,
            "percent": 100.0,
            "color": "#3572A5"
        },
        "C++": {
            "size": 30989,
            "full_size": 82265,
            "percent": 37.66972588585668,
            "color": "#f34b7d"
        },
        "C": {
            "size": 1105,
            "full_size": 379540,
            "percent": 0.29114190862623174,
            "color": "#555555"
        },
        "Lua": {
            "size": 1876,
            "full_size": 1876,
            "percent": 100.0,
            "color": "#000080"
        },
        "PHP": {
            "size": 9011,
            "full_size": 9011,
            "percent": 100.0,
            "color": "#4F5D95"
        },
        "Dockerfile": {
            "size": 1467,
            "full_size": 1467,
            "percent": 100.0,
            "color": "#384d54"
        },
        "CMake": {
            "size": 0,
            "full_size": 14580,
            "percent": 0.0,
            "color": "#DA3434"
        }
    },
    "total_stars_earned": 0,
    "total_commits": 69,
    "total_issues": 0,
    "total_forks_earned": 0,
    "total_repos": 9,
    "total_forks_repos": 2,
    "pull_request": {
        "open": 0,
        "merged": 1,
        "closed": 1
    }
}