{
    "top_lang": [
        [
            "JavaScript",
            140659,
            32.06955673201005
        ],
        [
            "HTML",
            128685,
            29.339543918687845
        ],
        [
            "Python",
            77895,
            17.759674970246646
        ],
        [
            "C++",
            36726,
            8.37334646584862
        ],
        [
            "Shell",
            28585,
            6.517238706264848
        ],
        [
            "PHP",
            9011,
            2.054463459232204
        ],
        [
            "CSS",
            5861,
            1.3362790294706413
        ],
        [
            "Vim Script",
            5075,
            1.157074914615851
        ],
        [
            "C",
            2210,
            0.5038690761184297
        ],
        [
            "Lua",
            1876,
            0.4277187270579974
        ],
        [
            "Dockerfile",
            1467,
            0.33446874871752785
        ],
        [
            "Go",
            556,
            0.1267652517293425
        ]
    ],
    "lang_stats": {
        "JavaScript": {
            "size": 140659,
            "full_size": 141341,
            "percent": 99.51747900467663,
            "color": "#f1e05a"
        },
        "CSS": {
            "size": 5861,
            "full_size": 8381,
            "percent": 69.93198902278964,
            "color": "#563d7c"
        },
        "HTML": {
            "size": 128685,
            "full_size": 156931,
            "percent": 82.00100681191097,
            "color": "#e34c26"
        },
        "Shell": {
            "size": 28585,
            "full_size": 30587,
            "percent": 93.45473567201752,
            "color": "#89e051"
        },
        "PHP": {
            "size": 9011,
            "full_size": 9011,
            "percent": 100.0,
            "color": "#4F5D95"
        },
        "Lua": {
            "size": 1876,
            "full_size": 1876,
            "percent": 100.0,
            "color": "#000080"
        },
        "Python": {
            "size": 77895,
            "full_size": 79061,
            "percent": 98.5251894107082,
            "color": "#3572A5"
        },
        "Dockerfile": {
            "size": 1467,
            "full_size": 1467,
            "percent": 100.0,
            "color": "#384d54"
        },
        "C++": {
            "size": 36726,
            "full_size": 36726,
            "percent": 100.0,
            "color": "#f34b7d"
        },
        "C": {
            "size": 2210,
            "full_size": 2210,
            "percent": 100.0,
            "color": "#555555"
        },
        "Vim Script": {
            "size": 5075,
            "full_size": 5075,
            "percent": 100.0,
            "color": "#199f4b"
        },
        "Go": {
            "size": 556,
            "full_size": 1112,
            "percent": 50.0,
            "color": "#00ADD8"
        }
    },
    "total_stars_earned": 1,
    "total_commits": 45,
    "total_issues": 0,
    "total_forks_earned": 0,
    "total_repos": 10,
    "total_forks_repos": 1,
    "pull_request": {
        "open": 0,
        "merged": 1,
        "closed": 1
    }
}