{
    "top_lang": [
        [
            "JavaScript",
            189190,
            42.21323271832334
        ],
        [
            "HTML",
            117538,
            26.225799182019603
        ],
        [
            "Python",
            38263,
            8.537475149327163
        ],
        [
            "CSS",
            29428,
            6.566155782202121
        ],
        [
            "Shell",
            27644,
            6.168098764550613
        ],
        [
            "C++",
            18363,
            4.097265143012694
        ],
        [
            "Go",
            11730,
            2.6172695162848605
        ],
        [
            "PHP",
            9011,
            2.0105895661758635
        ],
        [
            "Vim Script",
            2562,
            0.5716491475466167
        ],
        [
            "Lua",
            1876,
            0.41858462170080124
        ],
        [
            "Dockerfile",
            1467,
            0.32732603413383554
        ],
        [
            "C",
            1105,
            0.2465543747224869
        ]
    ],
    "lang_stats": {
        "Vim Script": {
            "size": 2562,
            "full_size": 2562,
            "percent": 100.0,
            "color": "#199f4b"
        },
        "Shell": {
            "size": 27644,
            "full_size": 29646,
            "percent": 93.24698104297376,
            "color": "#89e051"
        },
        "JavaScript": {
            "size": 189190,
            "full_size": 189190,
            "percent": 100.0,
            "color": "#f1e05a"
        },
        "CSS": {
            "size": 29428,
            "full_size": 29428,
            "percent": 100.0,
            "color": "#563d7c"
        },
        "HTML": {
            "size": 117538,
            "full_size": 117538,
            "percent": 100.0,
            "color": "#e34c26"
        },
        "Go": {
            "size": 11730,
            "full_size": 11730,
            "percent": 100.0,
            "color": "#00ADD8"
        },
        "Python": {
            "size": 38263,
            "full_size": 38263,
            "percent": 100.0,
            "color": "#3572A5"
        },
        "C++": {
            "size": 18363,
            "full_size": 18363,
            "percent": 100.0,
            "color": "#f34b7d"
        },
        "C": {
            "size": 1105,
            "full_size": 1105,
            "percent": 100.0,
            "color": "#555555"
        },
        "Lua": {
            "size": 1876,
            "full_size": 1876,
            "percent": 100.0,
            "color": "#000080"
        },
        "PHP": {
            "size": 9011,
            "full_size": 9011,
            "percent": 100.0,
            "color": "#4F5D95"
        },
        "Dockerfile": {
            "size": 1467,
            "full_size": 1467,
            "percent": 100.0,
            "color": "#384d54"
        }
    },
    "total_stars_earned": 1,
    "total_commits": 56,
    "total_issues": 0,
    "total_forks_earned": 0,
    "total_repos": 10,
    "total_forks_repos": 1,
    "pull_request": {
        "open": 0,
        "merged": 1,
        "closed": 1
    }
}