{
    "top_lang": [
        [
            "JavaScript",
            139294,
            35.033878440032396
        ],
        [
            "HTML",
            96850,
            24.358774440515294
        ],
        [
            "Python",
            76729,
            19.298135302491463
        ],
        [
            "C++",
            36726,
            9.236967992796744
        ],
        [
            "Shell",
            27662,
            6.9572784571350965
        ],
        [
            "PHP",
            9011,
            2.266359488729823
        ],
        [
            "CSS",
            3260,
            0.8199236414670094
        ],
        [
            "Vim Script",
            2513,
            0.6320454328241087
        ],
        [
            "C",
            2210,
            0.5558378060251812
        ],
        [
            "Lua",
            1876,
            0.471833359322733
        ],
        [
            "Dockerfile",
            1467,
            0.36896563866015425
        ]
    ],
    "lang_stats": {
        "JavaScript": {
            "size": 139294,
            "full_size": 139294,
            "percent": 100.0,
            "color": "#f1e05a"
        },
        "CSS": {
            "size": 3260,
            "full_size": 3260,
            "percent": 100.0,
            "color": "#563d7c"
        },
        "HTML": {
            "size": 96850,
            "full_size": 96850,
            "percent": 100.0,
            "color": "#e34c26"
        },
        "Shell": {
            "size": 27662,
            "full_size": 29664,
            "percent": 93.25107874865157,
            "color": "#89e051"
        },
        "PHP": {
            "size": 9011,
            "full_size": 9011,
            "percent": 100.0,
            "color": "#4F5D95"
        },
        "Lua": {
            "size": 1876,
            "full_size": 1876,
            "percent": 100.0,
            "color": "#000080"
        },
        "Python": {
            "size": 76729,
            "full_size": 76729,
            "percent": 100.0,
            "color": "#3572A5"
        },
        "Dockerfile": {
            "size": 1467,
            "full_size": 1467,
            "percent": 100.0,
            "color": "#384d54"
        },
        "C++": {
            "size": 36726,
            "full_size": 36726,
            "percent": 100.0,
            "color": "#f34b7d"
        },
        "C": {
            "size": 2210,
            "full_size": 2210,
            "percent": 100.0,
            "color": "#555555"
        },
        "Vim Script": {
            "size": 2513,
            "full_size": 2513,
            "percent": 100.0,
            "color": "#199f4b"
        }
    },
    "total_stars_earned": 1,
    "total_commits": 38,
    "total_issues": 0,
    "total_forks_earned": 0,
    "total_repos": 9,
    "total_forks_repos": 1,
    "pull_request": {
        "open": 0,
        "merged": 1,
        "closed": 1
    }
}