{
    "top_lang": [
        [
            "JavaScript",
            139294,
            36.837595535926795
        ],
        [
            "HTML",
            96850,
            25.612884457726175
        ],
        [
            "Python",
            76729,
            20.29169862216698
        ],
        [
            "Shell",
            27662,
            7.315473514399809
        ],
        [
            "C++",
            18363,
            4.856266363419988
        ],
        [
            "PHP",
            9011,
            2.3830428688546266
        ],
        [
            "CSS",
            3260,
            0.8621373601671383
        ],
        [
            "Vim Script",
            2513,
            0.6645862534049136
        ],
        [
            "Lua",
            1876,
            0.4961256710655066
        ],
        [
            "Dockerfile",
            1467,
            0.38796181207521224
        ],
        [
            "C",
            1105,
            0.292227540792849
        ]
    ],
    "lang_stats": {
        "JavaScript": {
            "size": 139294,
            "full_size": 139294,
            "percent": 100.0,
            "color": "#f1e05a"
        },
        "CSS": {
            "size": 3260,
            "full_size": 3260,
            "percent": 100.0,
            "color": "#563d7c"
        },
        "HTML": {
            "size": 96850,
            "full_size": 96850,
            "percent": 100.0,
            "color": "#e34c26"
        },
        "Shell": {
            "size": 27662,
            "full_size": 29664,
            "percent": 93.25107874865157,
            "color": "#89e051"
        },
        "PHP": {
            "size": 9011,
            "full_size": 9011,
            "percent": 100.0,
            "color": "#4F5D95"
        },
        "Lua": {
            "size": 1876,
            "full_size": 1876,
            "percent": 100.0,
            "color": "#000080"
        },
        "Python": {
            "size": 76729,
            "full_size": 76729,
            "percent": 100.0,
            "color": "#3572A5"
        },
        "Dockerfile": {
            "size": 1467,
            "full_size": 1467,
            "percent": 100.0,
            "color": "#384d54"
        },
        "C++": {
            "size": 18363,
            "full_size": 18363,
            "percent": 100.0,
            "color": "#f34b7d"
        },
        "C": {
            "size": 1105,
            "full_size": 1105,
            "percent": 100.0,
            "color": "#555555"
        },
        "Vim Script": {
            "size": 2513,
            "full_size": 2513,
            "percent": 100.0,
            "color": "#199f4b"
        }
    },
    "total_stars_earned": 1,
    "total_commits": 37,
    "total_issues": 0,
    "total_forks_earned": 0,
    "total_repos": 9,
    "total_forks_repos": 1,
    "pull_request": {
        "open": 0,
        "merged": 1,
        "closed": 1
    }
}