{
    "top_lang": [
        [
            "JavaScript",
            238964,
            42.21777406378141
        ],
        [
            "HTML",
            138226,
            24.420389840060633
        ],
        [
            "CSS",
            55596,
            9.822146293374697
        ],
        [
            "Python",
            39793,
            7.030230006695794
        ],
        [
            "Shell",
            29442,
            5.201518655470498
        ],
        [
            "Go",
            23460,
            4.1446786107376505
        ],
        [
            "C++",
            18363,
            3.244191531499381
        ],
        [
            "PHP",
            9011,
            1.5919735277645766
        ],
        [
            "Vim Script",
            8724,
            1.541269232739781
        ],
        [
            "Lua",
            1876,
            0.3314329528450056
        ],
        [
            "Dockerfile",
            1467,
            0.2591749156842342
        ],
        [
            "C",
            1105,
            0.1952203693463386
        ]
    ],
    "lang_stats": {
        "Vim Script": {
            "size": 8724,
            "full_size": 8724,
            "percent": 100.0,
            "color": "#199f4b"
        },
        "Shell": {
            "size": 29442,
            "full_size": 31444,
            "percent": 93.63312555654497,
            "color": "#89e051"
        },
        "JavaScript": {
            "size": 238964,
            "full_size": 239086,
            "percent": 99.94897233631413,
            "color": "#f1e05a"
        },
        "CSS": {
            "size": 55596,
            "full_size": 55596,
            "percent": 100.0,
            "color": "#563d7c"
        },
        "HTML": {
            "size": 138226,
            "full_size": 138226,
            "percent": 100.0,
            "color": "#e34c26"
        },
        "Go": {
            "size": 23460,
            "full_size": 23460,
            "percent": 100.0,
            "color": "#00ADD8"
        },
        "Python": {
            "size": 39793,
            "full_size": 39793,
            "percent": 100.0,
            "color": "#3572A5"
        },
        "C++": {
            "size": 18363,
            "full_size": 18363,
            "percent": 100.0,
            "color": "#f34b7d"
        },
        "C": {
            "size": 1105,
            "full_size": 1105,
            "percent": 100.0,
            "color": "#555555"
        },
        "Lua": {
            "size": 1876,
            "full_size": 1876,
            "percent": 100.0,
            "color": "#000080"
        },
        "PHP": {
            "size": 9011,
            "full_size": 9011,
            "percent": 100.0,
            "color": "#4F5D95"
        },
        "Dockerfile": {
            "size": 1467,
            "full_size": 1467,
            "percent": 100.0,
            "color": "#384d54"
        }
    },
    "total_stars_earned": 0,
    "total_commits": 61,
    "total_issues": 0,
    "total_forks_earned": 0,
    "total_repos": 8,
    "total_forks_repos": 1,
    "pull_request": {
        "open": 0,
        "merged": 1,
        "closed": 1
    }
}