{
    "top_lang": [
        [
            "JavaScript",
            139294,
            34.72946996008307
        ],
        [
            "HTML",
            96850,
            24.147121668083663
        ],
        [
            "Python",
            76729,
            19.130454294996298
        ],
        [
            "C++",
            36726,
            9.156708212514616
        ],
        [
            "Shell",
            28585,
            7.126953772660522
        ],
        [
            "PHP",
            9011,
            2.2466671486949084
        ],
        [
            "Vim Script",
            5075,
            1.2653241349047453
        ],
        [
            "CSS",
            3260,
            0.8127993457713241
        ],
        [
            "C",
            2210,
            0.5510081454462045
        ],
        [
            "Lua",
            1876,
            0.46773361124754725
        ],
        [
            "Dockerfile",
            1467,
            0.36575970559709586
        ]
    ],
    "lang_stats": {
        "JavaScript": {
            "size": 139294,
            "full_size": 139294,
            "percent": 100.0,
            "color": "#f1e05a"
        },
        "CSS": {
            "size": 3260,
            "full_size": 3260,
            "percent": 100.0,
            "color": "#563d7c"
        },
        "HTML": {
            "size": 96850,
            "full_size": 96850,
            "percent": 100.0,
            "color": "#e34c26"
        },
        "Shell": {
            "size": 28585,
            "full_size": 30587,
            "percent": 93.45473567201752,
            "color": "#89e051"
        },
        "PHP": {
            "size": 9011,
            "full_size": 9011,
            "percent": 100.0,
            "color": "#4F5D95"
        },
        "Lua": {
            "size": 1876,
            "full_size": 1876,
            "percent": 100.0,
            "color": "#000080"
        },
        "Python": {
            "size": 76729,
            "full_size": 76729,
            "percent": 100.0,
            "color": "#3572A5"
        },
        "Dockerfile": {
            "size": 1467,
            "full_size": 1467,
            "percent": 100.0,
            "color": "#384d54"
        },
        "C++": {
            "size": 36726,
            "full_size": 36726,
            "percent": 100.0,
            "color": "#f34b7d"
        },
        "C": {
            "size": 2210,
            "full_size": 2210,
            "percent": 100.0,
            "color": "#555555"
        },
        "Vim Script": {
            "size": 5075,
            "full_size": 5075,
            "percent": 100.0,
            "color": "#199f4b"
        }
    },
    "total_stars_earned": 1,
    "total_commits": 39,
    "total_issues": 0,
    "total_forks_earned": 0,
    "total_repos": 9,
    "total_forks_repos": 1,
    "pull_request": {
        "open": 0,
        "merged": 1,
        "closed": 1
    }
}