{
    "top_lang": [
        [
            "JavaScript",
            139636,
            34.639246865038515
        ],
        [
            "HTML",
            98540,
            24.444637386353772
        ],
        [
            "Python",
            76729,
            19.034022549396575
        ],
        [
            "C++",
            36726,
            9.110551579574066
        ],
        [
            "Shell",
            28585,
            7.09102861466331
        ],
        [
            "PHP",
            9011,
            2.235342272056361
        ],
        [
            "Vim Script",
            5075,
            1.2589459583493545
        ],
        [
            "CSS",
            3260,
            0.8087022313731814
        ],
        [
            "C",
            2210,
            0.5482306537836598
        ],
        [
            "Lua",
            1876,
            0.4653758852932786
        ],
        [
            "Dockerfile",
            1467,
            0.3639160041179316
        ]
    ],
    "lang_stats": {
        "JavaScript": {
            "size": 139636,
            "full_size": 139636,
            "percent": 100.0,
            "color": "#f1e05a"
        },
        "CSS": {
            "size": 3260,
            "full_size": 3260,
            "percent": 100.0,
            "color": "#563d7c"
        },
        "HTML": {
            "size": 98540,
            "full_size": 98540,
            "percent": 100.0,
            "color": "#e34c26"
        },
        "Shell": {
            "size": 28585,
            "full_size": 30587,
            "percent": 93.45473567201752,
            "color": "#89e051"
        },
        "PHP": {
            "size": 9011,
            "full_size": 9011,
            "percent": 100.0,
            "color": "#4F5D95"
        },
        "Lua": {
            "size": 1876,
            "full_size": 1876,
            "percent": 100.0,
            "color": "#000080"
        },
        "Python": {
            "size": 76729,
            "full_size": 76729,
            "percent": 100.0,
            "color": "#3572A5"
        },
        "Dockerfile": {
            "size": 1467,
            "full_size": 1467,
            "percent": 100.0,
            "color": "#384d54"
        },
        "C++": {
            "size": 36726,
            "full_size": 36726,
            "percent": 100.0,
            "color": "#f34b7d"
        },
        "C": {
            "size": 2210,
            "full_size": 2210,
            "percent": 100.0,
            "color": "#555555"
        },
        "Vim Script": {
            "size": 5075,
            "full_size": 5075,
            "percent": 100.0,
            "color": "#199f4b"
        }
    },
    "total_stars_earned": 1,
    "total_commits": 43,
    "total_issues": 0,
    "total_forks_earned": 0,
    "total_repos": 10,
    "total_forks_repos": 1,
    "pull_request": {
        "open": 0,
        "merged": 1,
        "closed": 1
    }
}