{
    "top_lang": [
        [
            "JavaScript",
            238964,
            40.12054766921585
        ],
        [
            "HTML",
            138226,
            23.207273154638482
        ],
        [
            "CSS",
            55596,
            9.334217573432504
        ],
        [
            "C++",
            43649,
            7.328391662399368
        ],
        [
            "Python",
            39793,
            6.680993594855737
        ],
        [
            "Shell",
            30341,
            5.094062439663205
        ],
        [
            "Go",
            23460,
            3.9387859607296662
        ],
        [
            "Vim Script",
            11805,
            1.9819850070935083
        ],
        [
            "PHP",
            9011,
            1.5128900380279207
        ],
        [
            "Lua",
            1876,
            0.3149685619066007
        ],
        [
            "Dockerfile",
            1467,
            0.2463000428128909
        ],
        [
            "C",
            1105,
            0.1855225271358176
        ],
        [
            "CMake",
            322,
            0.0540617680884464
        ]
    ],
    "lang_stats": {
        "Vim Script": {
            "size": 11805,
            "full_size": 11805,
            "percent": 100.0,
            "color": "#199f4b"
        },
        "Shell": {
            "size": 30341,
            "full_size": 32343,
            "percent": 93.81009801193457,
            "color": "#89e051"
        },
        "JavaScript": {
            "size": 238964,
            "full_size": 239086,
            "percent": 99.94897233631413,
            "color": "#f1e05a"
        },
        "CSS": {
            "size": 55596,
            "full_size": 55596,
            "percent": 100.0,
            "color": "#563d7c"
        },
        "HTML": {
            "size": 138226,
            "full_size": 138226,
            "percent": 100.0,
            "color": "#e34c26"
        },
        "Go": {
            "size": 23460,
            "full_size": 23460,
            "percent": 100.0,
            "color": "#00ADD8"
        },
        "Python": {
            "size": 39793,
            "full_size": 39793,
            "percent": 100.0,
            "color": "#3572A5"
        },
        "C++": {
            "size": 43649,
            "full_size": 146201,
            "percent": 29.855472944781496,
            "color": "#f34b7d"
        },
        "C": {
            "size": 1105,
            "full_size": 757975,
            "percent": 0.14578317226821463,
            "color": "#555555"
        },
        "Lua": {
            "size": 1876,
            "full_size": 1876,
            "percent": 100.0,
            "color": "#000080"
        },
        "PHP": {
            "size": 9011,
            "full_size": 9011,
            "percent": 100.0,
            "color": "#4F5D95"
        },
        "Dockerfile": {
            "size": 1467,
            "full_size": 1467,
            "percent": 100.0,
            "color": "#384d54"
        },
        "CMake": {
            "size": 322,
            "full_size": 29452,
            "percent": 1.093304359636018,
            "color": "#DA3434"
        }
    },
    "total_stars_earned": 0,
    "total_commits": 66,
    "total_issues": 0,
    "total_forks_earned": 0,
    "total_repos": 9,
    "total_forks_repos": 2,
    "pull_request": {
        "open": 0,
        "merged": 1,
        "closed": 1
    }
}