{
    "top_lang": [
        [
            "JavaScript",
            140318,
            33.249056326580906
        ],
        [
            "HTML",
            114562,
            27.146042495515626
        ],
        [
            "Python",
            77312,
            18.319467514649745
        ],
        [
            "C++",
            36726,
            8.702410543551151
        ],
        [
            "Shell",
            28585,
            6.7733596195449985
        ],
        [
            "PHP",
            9011,
            2.1352018027538913
        ],
        [
            "Vim Script",
            5075,
            1.2025467926951503
        ],
        [
            "CSS",
            4601,
            1.0902301070325884
        ],
        [
            "C",
            2210,
            0.5236706230258683
        ],
        [
            "Lua",
            1876,
            0.44452764198937966
        ],
        [
            "Dockerfile",
            1467,
            0.3476130334746375
        ],
        [
            "Go",
            278,
            0.06587349918605946
        ]
    ],
    "lang_stats": {
        "JavaScript": {
            "size": 140318,
            "full_size": 140318,
            "percent": 100.0,
            "color": "#f1e05a"
        },
        "CSS": {
            "size": 4601,
            "full_size": 4601,
            "percent": 100.0,
            "color": "#563d7c"
        },
        "HTML": {
            "size": 114562,
            "full_size": 114562,
            "percent": 100.0,
            "color": "#e34c26"
        },
        "Shell": {
            "size": 28585,
            "full_size": 30587,
            "percent": 93.45473567201752,
            "color": "#89e051"
        },
        "PHP": {
            "size": 9011,
            "full_size": 9011,
            "percent": 100.0,
            "color": "#4F5D95"
        },
        "Lua": {
            "size": 1876,
            "full_size": 1876,
            "percent": 100.0,
            "color": "#000080"
        },
        "Python": {
            "size": 77312,
            "full_size": 77312,
            "percent": 100.0,
            "color": "#3572A5"
        },
        "Dockerfile": {
            "size": 1467,
            "full_size": 1467,
            "percent": 100.0,
            "color": "#384d54"
        },
        "C++": {
            "size": 36726,
            "full_size": 36726,
            "percent": 100.0,
            "color": "#f34b7d"
        },
        "C": {
            "size": 2210,
            "full_size": 2210,
            "percent": 100.0,
            "color": "#555555"
        },
        "Vim Script": {
            "size": 5075,
            "full_size": 5075,
            "percent": 100.0,
            "color": "#199f4b"
        },
        "Go": {
            "size": 278,
            "full_size": 278,
            "percent": 100.0,
            "color": "#00ADD8"
        }
    },
    "total_stars_earned": 1,
    "total_commits": 45,
    "total_issues": 0,
    "total_forks_earned": 0,
    "total_repos": 10,
    "total_forks_repos": 1,
    "pull_request": {
        "open": 0,
        "merged": 1,
        "closed": 1
    }
}