{
    "top_lang": [
        [
            "JavaScript",
            139977,
            34.54976724440078
        ],
        [
            "HTML",
            100230,
            24.739229808513475
        ],
        [
            "Python",
            76729,
            18.93860484862247
        ],
        [
            "C++",
            36726,
            9.06488031475073
        ],
        [
            "Shell",
            28585,
            7.055481233925548
        ],
        [
            "PHP",
            9011,
            2.2241364841316464
        ],
        [
            "Vim Script",
            5075,
            1.2526348526210305
        ],
        [
            "CSS",
            3260,
            0.8046482008954796
        ],
        [
            "C",
            2210,
            0.5454823693187147
        ],
        [
            "Lua",
            1876,
            0.4630429524171534
        ],
        [
            "Dockerfile",
            1467,
            0.36209169040296585
        ]
    ],
    "lang_stats": {
        "JavaScript": {
            "size": 139977,
            "full_size": 139977,
            "percent": 100.0,
            "color": "#f1e05a"
        },
        "CSS": {
            "size": 3260,
            "full_size": 3260,
            "percent": 100.0,
            "color": "#563d7c"
        },
        "HTML": {
            "size": 100230,
            "full_size": 100230,
            "percent": 100.0,
            "color": "#e34c26"
        },
        "Shell": {
            "size": 28585,
            "full_size": 30587,
            "percent": 93.45473567201752,
            "color": "#89e051"
        },
        "PHP": {
            "size": 9011,
            "full_size": 9011,
            "percent": 100.0,
            "color": "#4F5D95"
        },
        "Lua": {
            "size": 1876,
            "full_size": 1876,
            "percent": 100.0,
            "color": "#000080"
        },
        "Python": {
            "size": 76729,
            "full_size": 76729,
            "percent": 100.0,
            "color": "#3572A5"
        },
        "Dockerfile": {
            "size": 1467,
            "full_size": 1467,
            "percent": 100.0,
            "color": "#384d54"
        },
        "C++": {
            "size": 36726,
            "full_size": 36726,
            "percent": 100.0,
            "color": "#f34b7d"
        },
        "C": {
            "size": 2210,
            "full_size": 2210,
            "percent": 100.0,
            "color": "#555555"
        },
        "Vim Script": {
            "size": 5075,
            "full_size": 5075,
            "percent": 100.0,
            "color": "#199f4b"
        }
    },
    "total_stars_earned": 1,
    "total_commits": 44,
    "total_issues": 0,
    "total_forks_earned": 0,
    "total_repos": 10,
    "total_forks_repos": 1,
    "pull_request": {
        "open": 0,
        "merged": 1,
        "closed": 1
    }
}