{
    "top_lang": [
        [
            "JavaScript",
            189190,
            41.84166119290423
        ],
        [
            "HTML",
            117538,
            25.99495308045657
        ],
        [
            "Python",
            38263,
            8.462326138929619
        ],
        [
            "CSS",
            29428,
            6.508358822267486
        ],
        [
            "Shell",
            28543,
            6.312630347423571
        ],
        [
            "C++",
            18363,
            4.061199981422383
        ],
        [
            "Go",
            11730,
            2.5942316496261255
        ],
        [
            "PHP",
            9011,
            1.992891849512448
        ],
        [
            "Vim Script",
            5643,
            1.2480178345132331
        ],
        [
            "Lua",
            1876,
            0.41490013424540595
        ],
        [
            "Dockerfile",
            1467,
            0.3244448277921164
        ],
        [
            "C",
            1105,
            0.24438414090680893
        ]
    ],
    "lang_stats": {
        "Vim Script": {
            "size": 5643,
            "full_size": 5643,
            "percent": 100.0,
            "color": "#199f4b"
        },
        "Shell": {
            "size": 28543,
            "full_size": 30545,
            "percent": 93.44573579963988,
            "color": "#89e051"
        },
        "JavaScript": {
            "size": 189190,
            "full_size": 189190,
            "percent": 100.0,
            "color": "#f1e05a"
        },
        "CSS": {
            "size": 29428,
            "full_size": 29428,
            "percent": 100.0,
            "color": "#563d7c"
        },
        "HTML": {
            "size": 117538,
            "full_size": 117538,
            "percent": 100.0,
            "color": "#e34c26"
        },
        "Go": {
            "size": 11730,
            "full_size": 11730,
            "percent": 100.0,
            "color": "#00ADD8"
        },
        "Python": {
            "size": 38263,
            "full_size": 38263,
            "percent": 100.0,
            "color": "#3572A5"
        },
        "C++": {
            "size": 18363,
            "full_size": 18363,
            "percent": 100.0,
            "color": "#f34b7d"
        },
        "C": {
            "size": 1105,
            "full_size": 1105,
            "percent": 100.0,
            "color": "#555555"
        },
        "Lua": {
            "size": 1876,
            "full_size": 1876,
            "percent": 100.0,
            "color": "#000080"
        },
        "PHP": {
            "size": 9011,
            "full_size": 9011,
            "percent": 100.0,
            "color": "#4F5D95"
        },
        "Dockerfile": {
            "size": 1467,
            "full_size": 1467,
            "percent": 100.0,
            "color": "#384d54"
        }
    },
    "total_stars_earned": 1,
    "total_commits": 58,
    "total_issues": 0,
    "total_forks_earned": 0,
    "total_repos": 10,
    "total_forks_repos": 1,
    "pull_request": {
        "open": 0,
        "merged": 1,
        "closed": 1
    }
}